{"cameraMode":{"drawMode":0,"name":"Shaded","section":"Shading Mode"},"sceneLighting":false,"audioPlay":false,"sceneViewState":{"m_AlwaysRefresh":false,"showFog":false,"showSkybox":false,"showFlares":false,"showImageEffects":false,"showParticleSystems":false,"showVisualEffectGraphs":true,"m_FxEnabled":false},"in2DMode":false,"pivot":{"x":-0.00030428171157836914,"y":0.8509132862091065,"z":0.26891952753067019},"rotation":{"x":0.27736854553222659,"y":-0.34128183126449587,"z":0.10615701228380203,"w":0.8919429183006287},"size":1.3028565645217896,"orthographic":false}